{"cameraMode":{"drawMode":0,"name":"Shaded","section":"Shading Mode"},"sceneLighting":true,"audioPlay":false,"sceneViewState":{"m_AlwaysRefresh":false,"showFog":true,"showSkybox":true,"showFlares":true,"showImageEffects":true,"showParticleSystems":true,"showVisualEffectGraphs":true,"m_FxEnabled":true},"in2DMode":false,"pivot":{"x":0.37836456298828127,"y":2.0870838165283205,"z":24.261459350585939},"rotation":{"x":-0.08450821042060852,"y":-0.011064546182751656,"z":0.0009298737277276814,"w":-0.996417224407196},"size":24.103200912475587,"orthographic":false}